manufacturer,manufacturer_part_number,brand,description,icecat_id,icecat_category,icecat_title,short_description,long_description,product_image_url,technical_specs,bullet_features,icecat_status,estimated_price,hardware_technology,power_spec
Samsung,AR18CY5AMWKN,Samsung,1.5 Ton Smart Air Conditioner,WEB_ENRICHED,Consumer Electronics & Appliances,,  - High-efficiency consumer model with advanced smart performance.,"  . Designed for optimal efficiency, durability, and reliable everyday operation.",https://source.unsplash.com/featured/?%20Consumer%20Electronics%20%26%20Appliances,Brand:  | Model: ,Authentic  build | Model:  | Energy Efficient,ENRICHED_VIA_WEB,Check Live Retailers,Advanced Inverter / Electronic Control,Standard AC / Energy Efficient
LG,OLED55C3PSA,LG,55 inch Smart OLED Television,WEB_ENRICHED,Consumer Electronics & Appliances,,  - High-efficiency consumer model with advanced smart performance.,"  . Designed for optimal efficiency, durability, and reliable everyday operation.",https://source.unsplash.com/featured/?%20Consumer%20Electronics%20%26%20Appliances,Brand:  | Model: ,Authentic  build | Model:  | Energy Efficient,ENRICHED_VIA_WEB,Check Live Retailers,Advanced Inverter / Electronic Control,Standard AC / Energy Efficient
Philips,AC1711/30,Philips,Smart Air Purifier with HEPA filter,WEB_ENRICHED,Consumer Electronics & Appliances,,  - High-efficiency consumer model with advanced smart performance.,"  . Designed for optimal efficiency, durability, and reliable everyday operation.",https://source.unsplash.com/featured/?%20Consumer%20Electronics%20%26%20Appliances,Brand:  | Model: ,Authentic  build | Model:  | Energy Efficient,ENRICHED_VIA_WEB,Check Live Retailers,Advanced Inverter / Electronic Control,Standard AC / Energy Efficient
Whirlpool,IF INV CNV 278,Whirlpool,265 L Frost Free Smart Refrigerator,WEB_ENRICHED,Consumer Electronics & Appliances,,  - High-efficiency consumer model with advanced smart performance.,"  . Designed for optimal efficiency, durability, and reliable everyday operation.",https://source.unsplash.com/featured/?%20Consumer%20Electronics%20%26%20Appliances,Brand:  | Model: ,Authentic  build | Model:  | Energy Efficient,ENRICHED_VIA_WEB,Check Live Retailers,Advanced Inverter / Electronic Control,Standard AC / Energy Efficient
Panasonic,NN-ST34HM,Panasonic,25 L Solo Microwave Oven,WEB_ENRICHED,Consumer Electronics & Appliances,,  - High-efficiency consumer model with advanced smart performance.,"  . Designed for optimal efficiency, durability, and reliable everyday operation.",https://source.unsplash.com/featured/?%20Consumer%20Electronics%20%26%20Appliances,Brand:  | Model: ,Authentic  build | Model:  | Energy Efficient,ENRICHED_VIA_WEB,Check Live Retailers,Advanced Inverter / Electronic Control,Standard AC / Energy Efficient
Racold,ECO 15L,Racold,15 L Smart Electric Water Heater,WEB_ENRICHED,Consumer Electronics & Appliances,,  - High-efficiency consumer model with advanced smart performance.,"  . Designed for optimal efficiency, durability, and reliable everyday operation.",https://source.unsplash.com/featured/?%20Consumer%20Electronics%20%26%20Appliances,Brand:  | Model: ,Authentic  build | Model:  | Energy Efficient,ENRICHED_VIA_WEB,Check Live Retailers,Advanced Inverter / Electronic Control,Standard AC / Energy Efficient
Godrej,Eon Vogue 236,Godrej,236 L Frost Free Refrigerator,WEB_ENRICHED,Consumer Electronics & Appliances,,  - High-efficiency consumer model with advanced smart performance.,"  . Designed for optimal efficiency, durability, and reliable everyday operation.",https://source.unsplash.com/featured/?%20Consumer%20Electronics%20%26%20Appliances,Brand:  | Model: ,Authentic  build | Model:  | Energy Efficient,ENRICHED_VIA_WEB,Check Live Retailers,Advanced Inverter / Electronic Control,Standard AC / Energy Efficient
Havells,Stealth Air,Havells,Smart Ceiling Fan with Remote Control,WEB_ENRICHED,Consumer Electronics & Appliances,,  - High-efficiency consumer model with advanced smart performance.,"  . Designed for optimal efficiency, durability, and reliable everyday operation.",https://source.unsplash.com/featured/?%20Consumer%20Electronics%20%26%20Appliances,Brand:  | Model: ,Authentic  build | Model:  | Energy Efficient,ENRICHED_VIA_WEB,Check Live Retailers,Advanced Inverter / Electronic Control,Standard AC / Energy Efficient
Sony,SRS-XB100,Sony,Portable Bluetooth Smart Speaker,WEB_ENRICHED,Consumer Electronics & Appliances,,  - High-efficiency consumer model with advanced smart performance.,"  . Designed for optimal efficiency, durability, and reliable everyday operation.",https://source.unsplash.com/featured/?%20Consumer%20Electronics%20%26%20Appliances,Brand:  | Model: ,Authentic  build | Model:  | Energy Efficient,ENRICHED_VIA_WEB,Check Live Retailers,Advanced Inverter / Electronic Control,Standard AC / Energy Efficient
Bosch,WAK24264IN,Bosch,7 kg Fully Automatic Washing Machine,WEB_ENRICHED,Consumer Electronics & Appliances,,  - High-efficiency consumer model with advanced smart performance.,"  . Designed for optimal efficiency, durability, and reliable everyday operation.",https://source.unsplash.com/featured/?%20Consumer%20Electronics%20%26%20Appliances,Brand:  | Model: ,Authentic  build | Model:  | Energy Efficient,ENRICHED_VIA_WEB,Check Live Retailers,Advanced Inverter / Electronic Control,Standard AC / Energy Efficient
